{"credit":"Made with Blockbench","texture_size":[64,64],"textures":{"0":"halloween_pack_fur:items/cauldron","particle":"halloween_pack_fur:items/cauldron"},"elements":[{"from":[5,13,10],"to":[11,19,10],"rotation":{"angle":0,"axis":"y","origin":[8,16,10]},"faces":{"north":{"uv":[0,8.5,1.5,10],"texture":"#0"},"east":{"uv":[0,0,0,1.5],"texture":"#0"},"south":{"uv":[0,8.5,1.5,10],"texture":"#0"},"west":{"uv":[0,0,0,1.5],"texture":"#0"},"up":{"uv":[1.5,0,0,0],"texture":"#0"},"down":{"uv":[1.5,0,0,0],"texture":"#0"}}},{"from":[7,14,6],"to":[13,20,6],"rotation":{"angle":45,"axis":"y","origin":[10,16,6]},"faces":{"north":{"uv":[1.5,8.5,3,10],"texture":"#0"},"east":{"uv":[0,0,0,1.5],"texture":"#0"},"south":{"uv":[1.5,8.5,3,10],"texture":"#0"},"west":{"uv":[0,0,0,1.5],"texture":"#0"},"up":{"uv":[1.5,0,0,0],"texture":"#0"},"down":{"uv":[1.5,0,0,0],"texture":"#0"}}},{"from":[3,12,6],"to":[9,16,6],"rotation":{"angle":-45,"axis":"y","origin":[6,14,6]},"faces":{"north":{"uv":[0,10,1.5,11],"texture":"#0"},"east":{"uv":[0,0,0,1],"texture":"#0"},"south":{"uv":[0,10,1.5,11],"texture":"#0"},"west":{"uv":[0,0,0,1],"texture":"#0"},"up":{"uv":[1.5,0,0,0],"texture":"#0"},"down":{"uv":[1.5,0,0,0],"texture":"#0"}}},{"name":"head","from":[2,2,2],"to":[14,10,14],"shade":false,"rotation":{"angle":0,"axis":"y","origin":[0,1,0]},"faces":{"north":{"uv":[5,6,8,8],"texture":"#0"},"east":{"uv":[5,6,8,8],"texture":"#0"},"south":{"uv":[5,6,8,8],"texture":"#0"},"west":{"uv":[5,6,8,8],"texture":"#0"},"up":{"uv":[3,3,0,0],"texture":"#0"},"down":{"uv":[3,3,0,6],"texture":"#0"}}},{"name":"head","from":[3,0,3],"to":[13,2,13],"shade":false,"rotation":{"angle":0,"axis":"y","origin":[0,1,0]},"faces":{"north":{"uv":[1.5,10,4,10.5],"texture":"#0"},"east":{"uv":[1.5,10,4,10.5],"texture":"#0"},"south":{"uv":[1.5,10,4,10.5],"texture":"#0"},"west":{"uv":[1.5,10,4,10.5],"texture":"#0"},"up":{"uv":[2.5,8.5,0,6],"texture":"#0"},"down":{"uv":[8.5,0,6,2.5],"texture":"#0"}}},{"name":"head","from":[-3.5,8,5],"to":[2.5,10,11],"shade":false,"rotation":{"angle":-22.5,"axis":"z","origin":[0.5,1,0]},"faces":{"north":{"uv":[10,3,11.5,3.5],"texture":"#0"},"east":{"uv":[10,3.5,11.5,4],"texture":"#0"},"south":{"uv":[10,4,11.5,4.5],"texture":"#0"},"west":{"uv":[5,10,6.5,10.5],"texture":"#0"},"up":{"uv":[4.5,10,3,8.5],"texture":"#0"},"down":{"uv":[10,3,8.5,4.5],"texture":"#0"}}},{"name":"head","from":[13.5,8,5],"to":[19.5,10,11],"shade":false,"rotation":{"angle":22.5,"axis":"z","origin":[15.5,1,0]},"faces":{"north":{"uv":[6.5,10,8,10.5],"texture":"#0"},"east":{"uv":[1.5,10.5,3,11],"texture":"#0"},"south":{"uv":[4.5,10.5,6,11],"texture":"#0"},"west":{"uv":[6,10.5,7.5,11],"texture":"#0"},"up":{"uv":[9.5,10.5,8,9],"texture":"#0"},"down":{"uv":[11,9,9.5,10.5],"texture":"#0"}}},{"name":"head","from":[3,10,3],"to":[13,11,13],"shade":false,"rotation":{"angle":0,"axis":"y","origin":[0,1,0]},"faces":{"north":{"uv":[7.5,10.5,10,10.75],"texture":"#0"},"east":{"uv":[7.5,10.5,10,10.75],"texture":"#0"},"south":{"uv":[7.5,10.5,10,10.75],"texture":"#0"},"west":{"uv":[7.5,10.5,10,10.75],"texture":"#0"},"up":{"uv":[5,8.5,2.5,6],"texture":"#0"},"down":{"uv":[8.5,2.5,6,5],"texture":"#0"}}},{"name":"head","from":[2,11,2],"to":[14,13,14],"shade":false,"rotation":{"angle":0,"axis":"y","origin":[0,1,0]},"faces":{"north":{"uv":[8.5,4.5,11.5,5],"texture":"#0"},"east":{"uv":[8.5,4.5,11.5,5],"texture":"#0"},"south":{"uv":[8.5,4.5,11.5,5],"texture":"#0"},"west":{"uv":[8.5,4.5,11.5,5],"texture":"#0"},"up":{"uv":[6,3,3,0],"texture":"#0"},"down":{"uv":[6,3,3,6],"texture":"#0"}}},{"name":"head","from":[8,16.25,8],"to":[9,24.25,10],"shade":false,"rotation":{"angle":-22.5,"axis":"z","origin":[-4,6.25,0]},"faces":{"north":{"uv":[3,10.5,3.25,12.5],"texture":"#0"},"east":{"uv":[4.5,8.5,5,10.5],"texture":"#0"},"south":{"uv":[3.25,10.5,3.5,12.5],"texture":"#0"},"west":{"uv":[4,10,4.5,12],"texture":"#0"},"up":{"uv":[7.75,5.5,7.5,5],"texture":"#0"},"down":{"uv":[7.75,5.5,7.5,6],"texture":"#0"}}}],"display":{"thirdperson_righthand":{"translation":[0,-0.5,0],"scale":[0.5,0.5,0.5]},"thirdperson_lefthand":{"translation":[0,-0.5,0],"scale":[0.5,0.5,0.5]},"firstperson_righthand":{"translation":[3.25,-2.75,0]},"firstperson_lefthand":{"translation":[6,-3.25,0]},"ground":{"scale":[0.5,0.5,0.5]},"gui":{"rotation":[15,-157,0],"scale":[0.8,0.8,0.8]},"head":{"translation":[0,-30.5,0],"scale":[1.6,1.6,1.6]}},"gui_light":"front"}