{"credit":"Made with Blockbench","texture_size":[128,128],"textures":{"0":"halloween_pack_fur:items/cerceuil","particle":"halloween_pack_fur:items/cerceuil"},"elements":[{"from":[1,0,-16],"to":[15,9,-14],"rotation":{"angle":0,"axis":"y","origin":[0,0,-16]},"faces":{"north":{"uv":[1.875,4.875,3.625,6],"texture":"#0"},"east":{"uv":[0,7.375,0.25,8.5],"texture":"#0"},"south":{"uv":[3.625,4.875,5.375,6],"texture":"#0"},"west":{"uv":[0.25,7.375,0.5,8.5],"texture":"#0"},"up":{"uv":[8.375,2.125,6.625,1.875],"texture":"#0"},"down":{"uv":[8.375,2.125,6.625,2.375],"texture":"#0"}}},{"from":[13,0,-14],"to":[15,9,1],"rotation":{"angle":0,"axis":"y","origin":[0,0,-16]},"faces":{"north":{"uv":[0.5,7.375,0.75,8.5],"texture":"#0"},"east":{"uv":[0,3.75,1.875,4.875],"texture":"#0"},"south":{"uv":[0.75,7.375,1,8.5],"texture":"#0"},"west":{"uv":[1.875,3.75,3.75,4.875],"texture":"#0"},"up":{"uv":[4.375,7.875,4.125,6],"texture":"#0"},"down":{"uv":[4.625,6,4.375,7.875],"texture":"#0"}}},{"from":[13,0,1],"to":[15,9,12],"rotation":{"angle":22.5,"axis":"y","origin":[13,0,1]},"faces":{"north":{"uv":[1,7.375,1.25,8.5],"texture":"#0"},"east":{"uv":[5.625,3.375,7,4.5],"texture":"#0"},"south":{"uv":[1.25,7.375,1.5,8.5],"texture":"#0"},"west":{"uv":[0,6,1.375,7.125],"texture":"#0"},"up":{"uv":[7.25,6.125,7,4.75],"texture":"#0"},"down":{"uv":[6.625,7,6.375,8.375],"texture":"#0"}}},{"from":[2,0,12],"to":[15,9,14],"rotation":{"angle":22.5,"axis":"y","origin":[13,0,1]},"faces":{"north":{"uv":[5,0,6.625,1.125],"texture":"#0"},"east":{"uv":[1.5,7.375,1.75,8.5],"texture":"#0"},"south":{"uv":[5,1.125,6.625,2.25],"texture":"#0"},"west":{"uv":[1.75,7.375,2,8.5],"texture":"#0"},"up":{"uv":[7.5,7,5.875,6.75],"texture":"#0"},"down":{"uv":[8.5,0,6.875,0.25],"texture":"#0"}}},{"from":[1,0,-14],"to":[3,9,1],"rotation":{"angle":0,"axis":"y","origin":[16,0,-16]},"faces":{"north":{"uv":[2,7.375,2.25,8.5],"texture":"#0"},"east":{"uv":[3.75,3.75,5.625,4.875],"texture":"#0"},"south":{"uv":[2.25,7.375,2.5,8.5],"texture":"#0"},"west":{"uv":[0,4.875,1.875,6],"texture":"#0"},"up":{"uv":[4.875,7.875,4.625,6],"texture":"#0"},"down":{"uv":[5.125,6,4.875,7.875],"texture":"#0"}}},{"from":[1,0,1],"to":[3,9,12],"rotation":{"angle":-22.5,"axis":"y","origin":[3,0,1]},"faces":{"north":{"uv":[2.5,7.375,2.75,8.5],"texture":"#0"},"east":{"uv":[1.375,6,2.75,7.125],"texture":"#0"},"south":{"uv":[2.75,7.375,3,8.5],"texture":"#0"},"west":{"uv":[2.75,6,4.125,7.125],"texture":"#0"},"up":{"uv":[6.875,8.375,6.625,7],"texture":"#0"},"down":{"uv":[7.125,7,6.875,8.375],"texture":"#0"}}},{"from":[-2,8,-14],"to":[18,8,16],"rotation":{"angle":0,"axis":"y","origin":[8,-1,2]},"faces":{"north":{"uv":[0,0,2.5,0],"texture":"#0"},"east":{"uv":[0,0,3.75,0],"texture":"#0"},"south":{"uv":[0,0,2.5,0],"texture":"#0"},"west":{"uv":[0,0,3.75,0],"texture":"#0"},"up":{"uv":[2.5,3.75,0,0],"texture":"#0"},"down":{"uv":[2.5,0,0,3.75],"texture":"#0"}}},{"from":[-2,1,-14],"to":[18,1,16],"rotation":{"angle":0,"axis":"y","origin":[8,-8,2]},"faces":{"north":{"uv":[0,0,2.5,0],"texture":"#0"},"east":{"uv":[0,0,3.75,0],"texture":"#0"},"south":{"uv":[0,0,2.5,0],"texture":"#0"},"west":{"uv":[0,0,3.75,0],"texture":"#0"},"up":{"uv":[2.5,3.75,0,0],"texture":"#0"},"down":{"uv":[5,0,2.5,3.75],"texture":"#0"}}},{"from":[1,0,12],"to":[14,9,14],"rotation":{"angle":-22.5,"axis":"y","origin":[3,0,1]},"faces":{"north":{"uv":[5,2.25,6.625,3.375],"texture":"#0"},"east":{"uv":[3,7.375,3.25,8.5],"texture":"#0"},"south":{"uv":[5.375,4.875,7,6],"texture":"#0"},"west":{"uv":[3.25,7.375,3.5,8.5],"texture":"#0"},"up":{"uv":[8.5,0.5,6.875,0.25],"texture":"#0"},"down":{"uv":[8.5,0.5,6.875,0.75],"texture":"#0"}}}],"display":{"thirdperson_righthand":{"translation":[0,2.75,3.75],"scale":[0.5,0.5,0.5]},"thirdperson_lefthand":{"translation":[0,0,2.75],"scale":[0.5,0.5,0.5]},"firstperson_righthand":{"rotation":[-180,13,-180],"translation":[7,0,0]},"firstperson_lefthand":{"rotation":[-180,-22,180],"translation":[7.75,0,0]},"ground":{"scale":[0.5,0.5,0.5]},"gui":{"rotation":[61,-139,0],"translation":[-2.75,3.25,0],"scale":[0.5,0.5,0.5]},"head":{"rotation":[-90,0,180],"translation":[0,-19.25,3.5]},"fixed":{"rotation":[-90,0,0],"translation":[0,4.25,-1.75],"scale":[0.5,0.5,0.5]}},"gui_light":"front"}