{"credit":"Made with Blockbench","texture_size":[64,64],"textures":{"1":"halloween_pack_fur:items/pumpkin_hat","particle":"halloween_pack_fur:items/pumpkin_hat"},"elements":[{"from":[3,0,3],"to":[13,2,13],"rotation":{"angle":0,"axis":"y","origin":[7,0,7]},"faces":{"north":{"uv":[11,4.5,13.5,5],"texture":"#1"},"east":{"uv":[11,4.5,13.5,5],"texture":"#1"},"south":{"uv":[11,4.5,13.5,5],"texture":"#1"},"west":{"uv":[11,4.5,13.5,5],"texture":"#1"},"up":{"uv":[15.75,15.25,13.25,12.75],"texture":"#1"},"down":{"uv":[15.75,12.75,13.25,15.25],"texture":"#1"}}},{"from":[2,2,2],"to":[14,9,14],"rotation":{"angle":0,"axis":"y","origin":[7,0,7]},"faces":{"north":{"uv":[13,0,16,1.75],"texture":"#1"},"east":{"uv":[9,5,12,6.75],"texture":"#1"},"south":{"uv":[9,5,12,6.75],"texture":"#1"},"west":{"uv":[9,5,12,6.75],"texture":"#1"},"up":{"uv":[7,3,4,0],"texture":"#1"},"down":{"uv":[7,3,4,6],"texture":"#1"}}},{"name":"head","from":[0,9,0],"to":[16,11,16],"shade":false,"rotation":{"angle":0,"axis":"y","origin":[8,-23,8]},"faces":{"north":{"uv":[4,15.5,8,16],"texture":"#1"},"east":{"uv":[0,15.5,4,16],"texture":"#1"},"south":{"uv":[12,15.5,16,16],"texture":"#1"},"west":{"uv":[8,15.5,12,16],"texture":"#1"},"up":{"uv":[8,15.5,4,11.5],"texture":"#1"},"down":{"uv":[12,11.5,8,15.5],"texture":"#1"}}},{"name":"head","from":[3,11.37254,-0.41812],"to":[13,18.37254,9.58188],"shade":false,"rotation":{"angle":22.5,"axis":"x","origin":[0,3,0]},"faces":{"north":{"uv":[2.5,9.75,5,11.5],"texture":"#1"},"east":{"uv":[0,9.75,2.5,11.5],"texture":"#1"},"south":{"uv":[7.5,9.75,10,11.5],"texture":"#1"},"west":{"uv":[5,9.75,7.5,11.5],"texture":"#1"},"up":{"uv":[5,9.75,2.5,7.25],"texture":"#1"},"down":{"uv":[7.5,7.25,5,9.75],"texture":"#1"}}},{"name":"head","from":[5,17.35876,-4.95495],"to":[11,24.35876,1.04505],"shade":false,"rotation":{"angle":45,"axis":"x","origin":[0,3,0]},"faces":{"north":{"uv":[11.5,8.5,13,10.25],"texture":"#1"},"east":{"uv":[10,8.5,11.5,10.25],"texture":"#1"},"south":{"uv":[14.5,8.5,16,10.25],"texture":"#1"},"west":{"uv":[13,8.5,14.5,10.25],"texture":"#1"},"up":{"uv":[13,8.5,11.5,7],"texture":"#1"},"down":{"uv":[14.5,7,13,8.5],"texture":"#1"}}},{"name":"head","from":[7,17.75,12],"to":[9,20.75,18],"shade":false,"rotation":{"angle":0,"axis":"y","origin":[0,3,0]},"faces":{"north":{"uv":[1.5,14.5,2,15.25],"texture":"#1"},"east":{"uv":[0,14.5,1.5,15.25],"texture":"#1"},"south":{"uv":[3.5,14.5,4,15.25],"texture":"#1"},"west":{"uv":[2,14.5,3.5,15.25],"texture":"#1"},"up":{"uv":[2,14.5,1.5,13],"texture":"#1"},"down":{"uv":[2.5,13,2,14.5],"texture":"#1"}}}],"display":{"thirdperson_righthand":{"scale":[0.5,0.5,0.5]},"thirdperson_lefthand":{"scale":[0.5,0.5,0.5]},"firstperson_righthand":{"translation":[1.5,-5.5,0]},"firstperson_lefthand":{"translation":[4.75,-5.5,0]},"ground":{"scale":[0.5,0.5,0.5]},"gui":{"rotation":[11,-152,0],"translation":[0,-1.25,0],"scale":[0.8,0.8,0.8]},"head":{"translation":[0,-30.25,0],"scale":[1.6,1.6,1.6]}},"gui_light":"front"}