{"credit":"Made with Blockbench","texture_size":[64,64],"textures":{"0":"halloween_pack_fur:items/tombe_1","particle":"halloween_pack_fur:items/tombe_1"},"elements":[{"name":"bone3","from":[3,14,5],"to":[6,19,8],"rotation":{"angle":0,"axis":"y","origin":[10,-22,12]},"faces":{"north":{"uv":[9.5,10.5,10.25,11.75],"texture":"#0"},"east":{"uv":[8.75,10.5,9.5,11.75],"texture":"#0"},"south":{"uv":[11,10.5,11.75,11.75],"texture":"#0"},"west":{"uv":[10.25,10.5,11,11.75],"texture":"#0"},"up":{"uv":[10.25,10.5,9.5,9.75],"texture":"#0"},"down":{"uv":[11,9.75,10.25,10.5],"texture":"#0"}}},{"name":"bone3","from":[3,11,8],"to":[6,14,8],"rotation":{"angle":-45,"axis":"x","origin":[3,14,8]},"faces":{"north":{"uv":[6.25,2.75,7,3.5],"texture":"#0"},"east":{"uv":[6.25,2.75,6.25,3.5],"texture":"#0"},"south":{"uv":[7,2.75,7.75,3.5],"texture":"#0"},"west":{"uv":[7,2.75,7,3.5],"texture":"#0"},"up":{"uv":[7,2.75,6.25,2.75],"texture":"#0"},"down":{"uv":[7.75,2.75,7,2.75],"texture":"#0"}}},{"name":"bone3","from":[3,12,6.75],"to":[6,14,6.75],"rotation":{"angle":0,"axis":"y","origin":[10,-22,12]},"faces":{"north":{"uv":[0,4.25,0.75,4.75],"texture":"#0"},"east":{"uv":[0,4.25,0,4.75],"texture":"#0"},"south":{"uv":[0.75,4.25,1.5,4.75],"texture":"#0"},"west":{"uv":[0.75,4.25,0.75,4.75],"texture":"#0"},"up":{"uv":[0.75,4.25,0,4.25],"texture":"#0"},"down":{"uv":[1.5,4.25,0.75,4.25],"texture":"#0"}}},{"name":"bone3","from":[3,19,5],"to":[6,22,8],"rotation":{"angle":0,"axis":"y","origin":[10,-22,12]},"faces":{"north":{"uv":[0.75,11,1.5,11.75],"texture":"#0"},"east":{"uv":[0,11,0.75,11.75],"texture":"#0"},"south":{"uv":[2.25,11,3,11.75],"texture":"#0"},"west":{"uv":[1.5,11,2.25,11.75],"texture":"#0"},"up":{"uv":[1.5,11,0.75,10.25],"texture":"#0"},"down":{"uv":[2.25,10.25,1.5,11],"texture":"#0"}}},{"name":"bone3","from":[4,19,4],"to":[5,21,5],"rotation":{"angle":0,"axis":"y","origin":[10,-22,12]},"faces":{"north":{"uv":[8.5,3,8.75,3.5],"texture":"#0"},"east":{"uv":[8.25,3,8.5,3.5],"texture":"#0"},"south":{"uv":[9,3,9.25,3.5],"texture":"#0"},"west":{"uv":[8.75,3,9,3.5],"texture":"#0"},"up":{"uv":[8.75,3,8.5,2.75],"texture":"#0"},"down":{"uv":[9,2.75,8.75,3],"texture":"#0"}}},{"name":"head_r3","from":[6,7.60394,24.29185],"to":[7,12.60394,27.29185],"rotation":{"angle":-22.5,"axis":"x","origin":[0,-36,0]},"faces":{"north":{"uv":[3.75,11,4,12.25],"texture":"#0"},"east":{"uv":[3,11,3.75,12.25],"texture":"#0"},"south":{"uv":[4.75,11,5,12.25],"texture":"#0"},"west":{"uv":[4,11,4.75,12.25],"texture":"#0"},"up":{"uv":[4,11,3.75,10.25],"texture":"#0"},"down":{"uv":[4.25,10.25,4,11],"texture":"#0"}}},{"name":"head_r3","from":[2,7.60394,24.29185],"to":[3,12.60394,27.29185],"rotation":{"angle":-22.5,"axis":"x","origin":[0,-36,0]},"faces":{"north":{"uv":[7.75,3.5,8,4.75],"texture":"#0"},"east":{"uv":[7,3.5,7.75,4.75],"texture":"#0"},"south":{"uv":[8.75,3.5,9,4.75],"texture":"#0"},"west":{"uv":[8,3.5,8.75,4.75],"texture":"#0"},"up":{"uv":[8,3.5,7.75,2.75],"texture":"#0"},"down":{"uv":[8.25,2.75,8,3.5],"texture":"#0"}}},{"from":[7,0,6],"to":[10,16,9],"rotation":{"angle":0,"axis":"y","origin":[1,-16,-4]},"faces":{"north":{"uv":[10.25,0.75,11,4.75],"texture":"#0"},"east":{"uv":[9.5,0.75,10.25,4.75],"texture":"#0"},"south":{"uv":[11.75,0.75,12.5,4.75],"texture":"#0"},"west":{"uv":[11,0.75,11.75,4.75],"texture":"#0"},"up":{"uv":[11,0.75,10.25,0],"texture":"#0"},"down":{"uv":[11.75,0,11,0.75],"texture":"#0"}}},{"from":[3,9,6],"to":[14,12,9],"rotation":{"angle":0,"axis":"y","origin":[1,-12,-4]},"faces":{"north":{"uv":[0.75,3.5,3.5,4.25],"texture":"#0"},"east":{"uv":[0,3.5,0.75,4.25],"texture":"#0"},"south":{"uv":[4.25,3.5,7,4.25],"texture":"#0"},"west":{"uv":[3.5,3.5,4.25,4.25],"texture":"#0"},"up":{"uv":[3.5,3.5,0.75,2.75],"texture":"#0"},"down":{"uv":[6.25,2.75,3.5,3.5],"texture":"#0"}}},{"from":[10,0,8],"to":[16,10,8],"rotation":{"angle":0,"axis":"y","origin":[1,-12,-2]},"faces":{"north":{"uv":[9.5,7.25,11,9.75],"texture":"#0"},"east":{"uv":[9.5,7.25,9.5,9.75],"texture":"#0"},"south":{"uv":[11,7.25,12.5,9.75],"texture":"#0"},"west":{"uv":[11,7.25,11,9.75],"texture":"#0"},"up":{"uv":[11,7.25,9.5,7.25],"texture":"#0"},"down":{"uv":[12.5,7.25,11,7.25],"texture":"#0"}}},{"from":[1,-1,8],"to":[7,9,8],"rotation":{"angle":0,"axis":"y","origin":[-8,-13,-2]},"faces":{"north":{"uv":[9.5,4.75,11,7.25],"texture":"#0"},"east":{"uv":[9.5,4.75,9.5,7.25],"texture":"#0"},"south":{"uv":[11,4.75,12.5,7.25],"texture":"#0"},"west":{"uv":[11,4.75,11,7.25],"texture":"#0"},"up":{"uv":[11,4.75,9.5,4.75],"texture":"#0"},"down":{"uv":[12.5,4.75,11,4.75],"texture":"#0"}}},{"from":[2,0,2],"to":[2,11,21],"rotation":{"angle":45,"axis":"y","origin":[0,0,2]},"faces":{"north":{"uv":[4.75,0,4.75,2.75],"texture":"#0"},"east":{"uv":[0,0,4.75,2.75],"texture":"#0"},"south":{"uv":[9.5,0,9.5,2.75],"texture":"#0"},"west":{"uv":[4.75,0,9.5,2.75],"texture":"#0"},"up":{"uv":[4.75,0,4.75,-4.75],"texture":"#0"},"down":{"uv":[4.75,-4.75,4.75,0],"texture":"#0"}}},{"from":[7,0,-2],"to":[7,11,17],"rotation":{"angle":0,"axis":"y","origin":[5,0,-2]},"faces":{"north":{"uv":[4.75,0,4.75,2.75],"texture":"#0"},"east":{"uv":[0,0,4.75,2.75],"texture":"#0"},"south":{"uv":[9.5,0,9.5,2.75],"texture":"#0"},"west":{"uv":[4.75,0,9.5,2.75],"texture":"#0"},"up":{"uv":[4.75,0,4.75,-4.75],"texture":"#0"},"down":{"uv":[4.75,-4.75,4.75,0],"texture":"#0"}}},{"from":[-1,0,3],"to":[18,11,3],"rotation":{"angle":22.5,"axis":"y","origin":[18,0,1]},"faces":{"north":{"uv":[0,0,4.75,2.75],"texture":"#0"},"east":{"uv":[0,0,0,2.75],"texture":"#0"},"south":{"uv":[4.75,0,9.5,2.75],"texture":"#0"},"west":{"uv":[4.75,0,4.75,2.75],"texture":"#0"},"up":{"uv":[4.75,0,0,0],"texture":"#0"},"down":{"uv":[9.5,0,4.75,0],"texture":"#0"}}}],"display":{"thirdperson_righthand":{"translation":[0.5,0,0.5],"scale":[0.5,0.5,0.5]},"thirdperson_lefthand":{"translation":[0,0,0.25],"scale":[0.5,0.5,0.5]},"firstperson_righthand":{"translation":[4.5,-2.75,0]},"firstperson_lefthand":{"translation":[5.5,-3.5,0]},"gui":{"rotation":[14,-156,0],"translation":[0,-1.25,0],"scale":[0.8,0.8,0.8]},"head":{"translation":[0,-35.25,0]}},"gui_light":"front"}