{"credit":"Made with Blockbench","texture_size":[64,64],"textures":{"0":"halloween_pack_fur:items/pumpkin","particle":"halloween_pack_fur:items/pumpkin"},"elements":[{"from":[3,0,3],"to":[13,2,13],"rotation":{"angle":0,"axis":"y","origin":[7,0,7]},"faces":{"north":{"uv":[3,7.5,5.5,8],"texture":"#0"},"east":{"uv":[0,7.75,2.5,8.25],"texture":"#0"},"south":{"uv":[5.5,7.75,8,8.25],"texture":"#0"},"west":{"uv":[8,0,10.5,0.5],"texture":"#0"},"up":{"uv":[5.5,2.5,3,0],"texture":"#0"},"down":{"uv":[5.5,2.5,3,5],"texture":"#0"}}},{"from":[3,9,3],"to":[13,11,13],"rotation":{"angle":0,"axis":"y","origin":[7,9,7]},"faces":{"north":{"uv":[8,0.5,10.5,1],"texture":"#0"},"east":{"uv":[8,1,10.5,1.5],"texture":"#0"},"south":{"uv":[8,1.5,10.5,2],"texture":"#0"},"west":{"uv":[8,2,10.5,2.5],"texture":"#0"},"up":{"uv":[5.5,7.5,3,5],"texture":"#0"},"down":{"uv":[8,0,5.5,2.5],"texture":"#0"}}},{"from":[8,10,7],"to":[10,14,9],"rotation":{"angle":22.5,"axis":"z","origin":[9,10,8]},"faces":{"north":{"uv":[2.5,7.75,3,8.75],"texture":"#0"},"east":{"uv":[3,8,3.5,9],"texture":"#0"},"south":{"uv":[3.5,8,4,9],"texture":"#0"},"west":{"uv":[4,8,4.5,9],"texture":"#0"},"up":{"uv":[5,8.5,4.5,8],"texture":"#0"},"down":{"uv":[5.5,8,5,8.5],"texture":"#0"}}},{"from":[2,2,2],"to":[14,9,14],"rotation":{"angle":0,"axis":"y","origin":[7,0,7]},"faces":{"north":{"uv":[5.5,2.5,8.5,4.25],"texture":"#0"},"east":{"uv":[5.5,4.25,8.5,6],"texture":"#0"},"south":{"uv":[0,6,3,7.75],"texture":"#0"},"west":{"uv":[5.5,6,8.5,7.75],"texture":"#0"},"up":{"uv":[3,3,0,0],"texture":"#0"},"down":{"uv":[3,3,0,6],"texture":"#0"}}}],"display":{"thirdperson_righthand":{"translation":[0,-0.25,0],"scale":[0.5,0.5,0.5]},"thirdperson_lefthand":{"translation":[0,-0.25,0],"scale":[0.5,0.5,0.5]},"firstperson_righthand":{"translation":[1.5,0,0]},"firstperson_lefthand":{"translation":[3.5,0,0]},"ground":{"scale":[0.5,0.5,0.5]},"gui":{"rotation":[14,-40,0],"translation":[0,2.25,0]},"head":{"translation":[0,-30.5,0],"scale":[1.6,1.6,1.6]}},"gui_light":"front"}