{"credit":"Made with Blockbench","texture_size":[32,32],"textures":{"0":"halloween_pack_fur:items/skeleton","particle":"halloween_pack_fur:items/skeleton"},"elements":[{"from":[4,1,5.5],"to":[12,8,11.5],"rotation":{"angle":22.5,"axis":"x","origin":[8,1,7.5]},"faces":{"north":{"uv":[3,3,7,6.5],"texture":"#0"},"east":{"uv":[0,3,3,6.5],"texture":"#0"},"south":{"uv":[10,3,14,6.5],"texture":"#0"},"west":{"uv":[7,3,10,6.5],"texture":"#0"},"up":{"uv":[7,3,3,0],"texture":"#0"},"down":{"uv":[11,0,7,3],"texture":"#0"}}},{"from":[4,1,11.5],"to":[12,8,12.5],"rotation":{"angle":22.5,"axis":"x","origin":[8,1,7.5]},"faces":{"north":{"uv":[7.5,12.5,11.5,16],"texture":"#0"},"east":{"uv":[7,12.5,7.5,16],"texture":"#0"},"south":{"uv":[12,12.5,16,16],"texture":"#0"},"west":{"uv":[11.5,12.5,12,16],"texture":"#0"},"up":{"uv":[11.5,12.5,7.5,12],"texture":"#0"},"down":{"uv":[15.5,12,11.5,12.5],"texture":"#0"}}},{"from":[8.5,-1,5.5],"to":[11.5,1,7.5],"rotation":{"angle":22.5,"axis":"x","origin":[8.25,1,7.5]},"faces":{"north":{"uv":[9.5,7.5,11,8.5],"texture":"#0"},"east":{"uv":[8.5,7.5,9.5,8.5],"texture":"#0"},"south":{"uv":[12,7.5,13.5,8.5],"texture":"#0"},"west":{"uv":[11,7.5,12,8.5],"texture":"#0"},"up":{"uv":[11,7.5,9.5,6.5],"texture":"#0"},"down":{"uv":[12.5,6.5,11,7.5],"texture":"#0"}}},{"from":[4.75,-1,5.5],"to":[7.75,1,7.5],"rotation":{"angle":22.5,"axis":"x","origin":[6.25,1,7.5]},"faces":{"north":{"uv":[9.5,7.5,11,8.5],"texture":"#0"},"east":{"uv":[8.5,7.5,9.5,8.5],"texture":"#0"},"south":{"uv":[12,7.5,13.5,8.5],"texture":"#0"},"west":{"uv":[11,7.5,12,8.5],"texture":"#0"},"up":{"uv":[11,7.5,9.5,6.5],"texture":"#0"},"down":{"uv":[12.5,6.5,11,7.5],"texture":"#0"}}}],"display":{"thirdperson_righthand":{"translation":[0,2.25,0],"scale":[0.6,0.6,0.6]},"thirdperson_lefthand":{"translation":[0,2.25,0],"scale":[0.6,0.6,0.6]},"firstperson_righthand":{"translation":[1.75,5.75,1]},"firstperson_lefthand":{"translation":[4.25,5.75,1.25]},"gui":{"rotation":[0,-146,0],"translation":[1,3.25,0]},"head":{"translation":[0,-28.25,-5.5],"scale":[1.7,1.7,1.7]},"fixed":{"translation":[0,4.25,-1.25]}},"gui_light":"front"}