{"credit":"Made with Blockbench","texture_size":[128,128],"textures":{"1":"halloween_pack_fur:items/tombe_2","particle":"#1"},"elements":[{"from":[7,16,11],"to":[10,32,14],"rotation":{"angle":0,"axis":"y","origin":[1,0,1]},"faces":{"north":{"uv":[0.375,4.875,0.75,6.875],"texture":"#1"},"east":{"uv":[0,4.875,0.375,6.875],"texture":"#1"},"south":{"uv":[1.125,4.875,1.5,6.875],"texture":"#1"},"west":{"uv":[0.75,4.875,1.125,6.875],"texture":"#1"},"up":{"uv":[0.75,4.875,0.375,4.5],"texture":"#1"},"down":{"uv":[1.125,4.5,0.75,4.875],"texture":"#1"}}},{"from":[3,25,11],"to":[14,28,14],"rotation":{"angle":0,"axis":"y","origin":[1,4,1]},"faces":{"north":{"uv":[0.375,2.25,1.75,2.625],"texture":"#1"},"east":{"uv":[0,2.25,0.375,2.625],"texture":"#1"},"south":{"uv":[2.125,2.25,3.5,2.625],"texture":"#1"},"west":{"uv":[1.75,2.25,2.125,2.625],"texture":"#1"},"up":{"uv":[1.75,2.25,0.375,1.875],"texture":"#1"},"down":{"uv":[3.125,1.875,1.75,2.25],"texture":"#1"}}},{"from":[10,16,13],"to":[16,26,13],"rotation":{"angle":0,"axis":"y","origin":[1,4,3]},"faces":{"north":{"uv":[1.5,2.625,2.25,3.875],"texture":"#1"},"east":{"uv":[1.5,2.625,1.5,3.875],"texture":"#1"},"south":{"uv":[2.25,2.625,3,3.875],"texture":"#1"},"west":{"uv":[2.25,2.625,2.25,3.875],"texture":"#1"},"up":{"uv":[2.25,2.625,1.5,2.625],"texture":"#1"},"down":{"uv":[3,2.625,2.25,2.625],"texture":"#1"}}},{"from":[1,15,13],"to":[7,25,13],"rotation":{"angle":0,"axis":"y","origin":[-8,3,3]},"faces":{"north":{"uv":[0,2.625,0.75,3.875],"texture":"#1"},"east":{"uv":[0,2.625,0,3.875],"texture":"#1"},"south":{"uv":[0.75,2.625,1.5,3.875],"texture":"#1"},"west":{"uv":[0.75,2.625,0.75,3.875],"texture":"#1"},"up":{"uv":[0.75,2.625,0,2.625],"texture":"#1"},"down":{"uv":[1.5,2.625,0.75,2.625],"texture":"#1"}}},{"from":[0,0,-16],"to":[16,4,16],"faces":{"north":{"uv":[4,4,6,4.5],"texture":"#1"},"east":{"uv":[0,4,4,4.5],"texture":"#1"},"south":{"uv":[10,4,12,4.5],"texture":"#1"},"west":{"uv":[6,4,10,4.5],"texture":"#1"},"up":{"uv":[6,4,4,0],"texture":"#1"},"down":{"uv":[8,0,6,4],"texture":"#1"}}},{"from":[2,4,11],"to":[14,16,14],"rotation":{"angle":0,"axis":"y","origin":[0,4,0]},"faces":{"north":{"uv":[0.375,0.375,1.875,1.875],"texture":"#1"},"east":{"uv":[0,0.375,0.375,1.875],"texture":"#1"},"south":{"uv":[2.25,0.375,3.75,1.875],"texture":"#1"},"west":{"uv":[1.875,0.375,2.25,1.875],"texture":"#1"},"up":{"uv":[1.875,0.375,0.375,0],"texture":"#1"},"down":{"uv":[3.375,0,1.875,0.375],"texture":"#1"}}},{"from":[12,2,4],"to":[14,8,6],"rotation":{"angle":0,"axis":"y","origin":[12,0,4]},"faces":{"north":{"uv":[8.875,3.125,9.125,3.875],"texture":"#1"},"east":{"uv":[8.625,3.125,8.875,3.875],"texture":"#1"},"south":{"uv":[9.375,3.125,9.625,3.875],"texture":"#1"},"west":{"uv":[9.125,3.125,9.375,3.875],"texture":"#1"},"up":{"uv":[9.125,3.125,8.875,2.875],"texture":"#1"},"down":{"uv":[9.375,2.875,9.125,3.125],"texture":"#1"}}},{"from":[11,8,5],"to":[15,12,5],"rotation":{"angle":0,"axis":"y","origin":[12,0,4]},"faces":{"north":{"uv":[10,2.75,10.5,3.25],"texture":"#1"},"east":{"uv":[10,2.75,10,3.25],"texture":"#1"},"south":{"uv":[10.5,2.75,11,3.25],"texture":"#1"},"west":{"uv":[10.5,2.75,10.5,3.25],"texture":"#1"},"up":{"uv":[10.5,2.75,10,2.75],"texture":"#1"},"down":{"uv":[11,2.75,10.5,2.75],"texture":"#1"}}},{"from":[6,2,-3],"to":[8,8,-1],"rotation":{"angle":0,"axis":"y","origin":[6,0,-3]},"faces":{"north":{"uv":[8.875,3.125,9.125,3.875],"texture":"#1"},"east":{"uv":[8.625,3.125,8.875,3.875],"texture":"#1"},"south":{"uv":[9.375,3.125,9.625,3.875],"texture":"#1"},"west":{"uv":[9.125,3.125,9.375,3.875],"texture":"#1"},"up":{"uv":[9.125,3.125,8.875,2.875],"texture":"#1"},"down":{"uv":[9.375,2.875,9.125,3.125],"texture":"#1"}}},{"from":[5.5,8,-2],"to":[9.5,12,-2],"rotation":{"angle":0,"axis":"y","origin":[6.5,0,-3]},"faces":{"north":{"uv":[10,2.75,10.5,3.25],"texture":"#1"},"east":{"uv":[10,2.75,10,3.25],"texture":"#1"},"south":{"uv":[10.5,2.75,11,3.25],"texture":"#1"},"west":{"uv":[10.5,2.75,10.5,3.25],"texture":"#1"},"up":{"uv":[10.5,2.75,10,2.75],"texture":"#1"},"down":{"uv":[11,2.75,10.5,2.75],"texture":"#1"}}},{"from":[10,2,-12],"to":[12,8,-10],"rotation":{"angle":0,"axis":"y","origin":[10,0,-12]},"faces":{"north":{"uv":[8.875,3.125,9.125,3.875],"texture":"#1"},"east":{"uv":[8.625,3.125,8.875,3.875],"texture":"#1"},"south":{"uv":[9.375,3.125,9.625,3.875],"texture":"#1"},"west":{"uv":[9.125,3.125,9.375,3.875],"texture":"#1"},"up":{"uv":[9.125,3.125,8.875,2.875],"texture":"#1"},"down":{"uv":[9.375,2.875,9.125,3.125],"texture":"#1"}}},{"from":[9.5,8,-11],"to":[13.5,12,-11],"rotation":{"angle":0,"axis":"y","origin":[10.5,0,-12]},"faces":{"north":{"uv":[10,2.75,10.5,3.25],"texture":"#1"},"east":{"uv":[10,2.75,10,3.25],"texture":"#1"},"south":{"uv":[10.5,2.75,11,3.25],"texture":"#1"},"west":{"uv":[10.5,2.75,10.5,3.25],"texture":"#1"},"up":{"uv":[10.5,2.75,10,2.75],"texture":"#1"},"down":{"uv":[11,2.75,10.5,2.75],"texture":"#1"}}}],"display":{"thirdperson_righthand":{"translation":[0,3.75,3.25],"scale":[0.5,0.5,0.5]},"thirdperson_lefthand":{"translation":[0,2.75,4],"scale":[0.5,0.5,0.5]},"firstperson_righthand":{"rotation":[0,11,0],"translation":[5,0,2]},"firstperson_lefthand":{"rotation":[0,30,0],"translation":[9.5,0,0]},"ground":{"scale":[0.5,0.5,0.5]},"gui":{"rotation":[11,-141,0],"translation":[-2.5,-2.25,0],"scale":[0.5,0.5,0.5]},"head":{"translation":[0,-35.25,7.25]},"fixed":{"translation":[0,0,-5.25]}},"gui_light":"front"}