{"credit":"Made with Blockbench","texture_size":[32,32],"textures":{"0":"halloween_pack_fur:items/wood_cross","particle":"halloween_pack_fur:items/wood_cross"},"elements":[{"from":[7,0,7],"to":[10,16,9],"rotation":{"angle":0,"axis":"y","origin":[1,-16,-4]},"faces":{"north":{"uv":[1,3.5,2.5,11.5],"texture":"#0"},"east":{"uv":[0,3.5,1,11.5],"texture":"#0"},"south":{"uv":[3.5,3.5,5,11.5],"texture":"#0"},"west":{"uv":[2.5,3.5,3.5,11.5],"texture":"#0"},"up":{"uv":[2.5,3.5,1,2.5],"texture":"#0"},"down":{"uv":[4,2.5,2.5,3.5],"texture":"#0"}}},{"from":[3,9,7],"to":[14,12,9],"rotation":{"angle":0,"axis":"y","origin":[1,-12,-4]},"faces":{"north":{"uv":[1,1,6.5,2.5],"texture":"#0"},"east":{"uv":[0,1,1,2.5],"texture":"#0"},"south":{"uv":[7.5,1,13,2.5],"texture":"#0"},"west":{"uv":[6.5,1,7.5,2.5],"texture":"#0"},"up":{"uv":[6.5,1,1,0],"texture":"#0"},"down":{"uv":[12,0,6.5,1],"texture":"#0"}}},{"from":[-12.6,8.5,6.5],"to":[-6.6,10.5,9.5],"rotation":{"angle":-45,"axis":"z","origin":[0.75,-11.75,-4]},"faces":{"north":{"uv":[6.5,6.5,9.5,7.5],"texture":"#0"},"east":{"uv":[5,6.5,6.5,7.5],"texture":"#0"},"south":{"uv":[11,6.5,14,7.5],"texture":"#0"},"west":{"uv":[9.5,6.5,11,7.5],"texture":"#0"},"up":{"uv":[9.5,6.5,6.5,5],"texture":"#0"},"down":{"uv":[12.5,5,9.5,6.5],"texture":"#0"}}},{"from":[23.1,7.5,6.575],"to":[29.1,9.5,9.575],"rotation":{"angle":45,"axis":"z","origin":[14.75,-11.75,-3.925]},"faces":{"north":{"uv":[6.5,4,9.5,5],"texture":"#0"},"east":{"uv":[5,4,6.5,5],"texture":"#0"},"south":{"uv":[11,4,14,5],"texture":"#0"},"west":{"uv":[9.5,4,11,5],"texture":"#0"},"up":{"uv":[9.5,4,6.5,2.5],"texture":"#0"},"down":{"uv":[12.5,2.5,9.5,4],"texture":"#0"}}}],"display":{"thirdperson_righthand":{"translation":[1.25,0,0]},"thirdperson_lefthand":{"translation":[0.5,0,0]},"firstperson_righthand":{"translation":[2.75,-0.5,0]},"firstperson_lefthand":{"translation":[4,-0.5,0]},"gui":{"rotation":[15,151,25]},"head":{"translation":[0,-35.25,0]}},"gui_light":"front"}