{"model":{"type":"range_dispatch","property":"custom_model_data","index":0,"fallback":{"type":"minecraft:model","model":"minecraft:item/paper"},"entries":[{"threshold":10000,"model":{"type":"model","model":"_iainternal:item/ia_auto/icon_left_blue"}},{"threshold":10001,"model":{"type":"model","model":"_iainternal:item/ia_auto/icon_right_blue"}},{"threshold":10002,"model":{"type":"model","model":"_iainternal:item/ia_auto/icon_search"}},{"threshold":10003,"model":{"type":"model","model":"_iainternal:item/ia_auto/icon_cancel"}},{"threshold":10004,"model":{"type":"model","model":"_iainternal:item/ia_auto/icon_arrow_chest"}},{"threshold":10005,"model":{"type":"model","model":"_iainternal:item/ia_auto/icon_back_orange"}},{"threshold":10006,"model":{"type":"model","model":"_iainternal:item/ia_auto/icon_next_orange"}},{"threshold":10007,"model":{"type":"model","model":"halloween_pack_fur:items/cauldron"}},{"threshold":10008,"model":{"type":"model","model":"halloween_pack_fur:items/toile_1"}},{"threshold":10009,"model":{"type":"model","model":"halloween_pack_fur:items/toile_2"}},{"threshold":10010,"model":{"type":"model","model":"halloween_pack_fur:items/tombe_1"}},{"threshold":10011,"model":{"type":"model","model":"halloween_pack_fur:items/tombe_2"}},{"threshold":10012,"model":{"type":"model","model":"halloween_pack_fur:items/wood_cross"}},{"threshold":10013,"model":{"type":"model","model":"halloween_pack_fur:items/coffin_open"}},{"threshold":10014,"model":{"type":"model","model":"halloween_pack_fur:items/coffin_close"}},{"threshold":10015,"model":{"type":"model","model":"halloween_pack_fur:items/pumpkin_hat"}},{"threshold":10016,"model":{"type":"model","model":"halloween_pack_fur:items/pumpkin"}},{"threshold":10017,"model":{"type":"model","model":"deceaseset:chest_opening"}},{"threshold":10018,"model":{"type":"model","model":"deceaseset:crown"}},{"threshold":10019,"model":{"type":"model","model":"deceaseset:key"}},{"threshold":10020,"model":{"type":"model","model":"deceaseset:wings"}},{"threshold":10021,"model":{"type":"model","model":"item/paper"}}]},"oversized_in_gui":true}