{"providers":[{"file":"_iainternal:gui/no_recipe.png","chars":[""],"height":170,"ascent":47,"type":"bitmap"},{"file":"_iainternal:gui/crafting.png","chars":[""],"height":170,"ascent":47,"type":"bitmap"},{"file":"_iainternal:gui/cooking.png","chars":[""],"height":170,"ascent":47,"type":"bitmap"},{"file":"_iainternal:gui/blank_menu.png","chars":[""],"height":170,"ascent":47,"type":"bitmap"},{"file":"_iainternal:gui/anvil_repair.png","chars":[""],"height":170,"ascent":47,"type":"bitmap"},{"file":"_iainternal:gui/smithing.png","chars":[""],"height":170,"ascent":47,"type":"bitmap"},{"file":"elitecreatures:font/emoji/lifesteal/boar.png","chars":[""],"height":9,"ascent":8,"type":"bitmap"},{"file":"elitecreatures:font/emoji/lifesteal/ogo.png","chars":[""],"height":9,"ascent":8,"type":"bitmap"},{"file":"elitecreatures:font/emoji/lifesteal/clueless.png","chars":[""],"height":9,"ascent":8,"type":"bitmap"},{"file":"elitecreatures:font/emoji/lifesteal/aga.png","chars":[""],"height":9,"ascent":8,"type":"bitmap"},{"file":"elitecreatures:font/emoji/lifesteal/freak.png","chars":[""],"height":9,"ascent":8,"type":"bitmap"},{"file":"elitecreatures:font/emoji/lifesteal/pepelove.png","chars":[""],"height":9,"ascent":8,"type":"bitmap"},{"file":"elitecreatures:font/emoji/lifesteal/rose.png","chars":[""],"height":9,"ascent":8,"type":"bitmap"},{"file":"elitecreatures:font/emoji/lifesteal/sob.png","chars":[""],"height":9,"ascent":8,"type":"bitmap"},{"file":"elitecreatures:font/emoji/lifesteal/skull.png","chars":[""],"height":9,"ascent":8,"type":"bitmap"},{"file":"elitecreatures:font/emoji/lifesteal/youtried.png","chars":[""],"height":9,"ascent":8,"type":"bitmap"},{"file":"elitecreatures:font/emoji/lifesteal/flushedzoomed.png","chars":[""],"height":9,"ascent":8,"type":"bitmap"},{"file":"elitecreatures:font/emoji/lifesteal/madge.png","chars":[""],"height":9,"ascent":8,"type":"bitmap"},{"file":"elitecreatures:font/emoji/lifesteal/pepefrog.png","chars":[""],"height":9,"ascent":8,"type":"bitmap"},{"file":"elitecreatures:font/emoji/meme_emoji_v2/squidward_asleep.png","chars":[""],"height":9,"ascent":8,"type":"bitmap"},{"file":"elitecreatures:font/emoji/meme_emoji_v2/cheems_dorime.png","chars":[""],"height":9,"ascent":8,"type":"bitmap"},{"file":"elitecreatures:font/emoji/meme_emoji_v2/laugh.png","chars":[""],"height":9,"ascent":8,"type":"bitmap"},{"file":"elitecreatures:font/emoji/meme_emoji_v2/patrik.png","chars":[""],"height":9,"ascent":8,"type":"bitmap"},{"file":"elitecreatures:font/emoji/meme_emoji_v2/mrincredible.png","chars":[""],"height":9,"ascent":8,"type":"bitmap"},{"file":"elitecreatures:font/emoji/meme_emoji_v2/flush.png","chars":[""],"height":9,"ascent":8,"type":"bitmap"},{"file":"elitecreatures:font/emoji/meme_emoji_v2/patrickpraying.png","chars":[""],"height":9,"ascent":8,"type":"bitmap"},{"file":"elitecreatures:font/emoji/meme_emoji_v2/cheems.png","chars":[""],"height":9,"ascent":8,"type":"bitmap"},{"file":"elitecreatures:font/emoji/meme_emoji_v2/mrincredible_2.png","chars":[""],"height":9,"ascent":8,"type":"bitmap"},{"file":"elitecreatures:font/emoji/meme_emoji_v2/stonks.png","chars":[""],"height":9,"ascent":8,"type":"bitmap"},{"file":"elitecreatures:font/emoji/meme_emoji_v2/not_stonks.png","chars":[""],"height":9,"ascent":8,"type":"bitmap"},{"file":"elitecreatures:font/emoji/meme_emoji_v2/oh_god.png","chars":[""],"height":9,"ascent":8,"type":"bitmap"},{"file":"elitecreatures:font/emoji/meme_emoji_v2/uno_reverse.png","chars":[""],"height":9,"ascent":8,"type":"bitmap"},{"file":"elitecreatures:font/emoji/meme_emoji_v2/squidward_awake.png","chars":[""],"height":9,"ascent":8,"type":"bitmap"},{"file":"elitecreatures:font/emoji/meme_emoji_v2/cat.png","chars":[""],"height":9,"ascent":8,"type":"bitmap"},{"file":"elitecreatures:font/emoji/meme_emoji_v2/noot_noot.png","chars":[""],"height":9,"ascent":8,"type":"bitmap"},{"file":"elitecreatures:font/emoji/meme_emoji_v2/bruh.png","chars":[""],"height":9,"ascent":8,"type":"bitmap"},{"file":"elitecreatures:font/emoji/meme_emoji_v2/kekw.png","chars":[""],"height":9,"ascent":8,"type":"bitmap"},{"file":"elitecreatures:font/emoji/meme_emoji_v2/pop_cat.png","chars":[""],"height":9,"ascent":8,"type":"bitmap"},{"file":"elitecreatures:font/emoji/meme_emoji/meme_emoji_5.png","chars":[""],"height":9,"ascent":8,"type":"bitmap"},{"file":"elitecreatures:font/emoji/meme_emoji/gold.png","chars":[""],"height":9,"ascent":8,"type":"bitmap"},{"file":"elitecreatures:font/emoji/meme_emoji/meme_emoji_4.png","chars":[""],"height":9,"ascent":8,"type":"bitmap"},{"file":"elitecreatures:font/emoji/meme_emoji/meme_emoji_11.png","chars":[""],"height":9,"ascent":8,"type":"bitmap"},{"file":"elitecreatures:font/emoji/meme_emoji/meme_emoji_1.png","chars":[""],"height":9,"ascent":8,"type":"bitmap"},{"file":"elitecreatures:font/emoji/meme_emoji/meme_emoji_10.png","chars":[""],"height":9,"ascent":8,"type":"bitmap"},{"file":"elitecreatures:font/emoji/meme_emoji/diamond.png","chars":[""],"height":9,"ascent":8,"type":"bitmap"},{"file":"elitecreatures:font/emoji/meme_emoji/meme_emoji_7.png","chars":[""],"height":9,"ascent":8,"type":"bitmap"},{"file":"elitecreatures:font/emoji/meme_emoji/emerald.png","chars":[""],"height":9,"ascent":8,"type":"bitmap"},{"file":"elitecreatures:font/emoji/meme_emoji/meme_emoji_8.png","chars":[""],"height":9,"ascent":8,"type":"bitmap"},{"file":"elitecreatures:font/emoji/meme_emoji/meme_emoji_12.png","chars":[""],"height":9,"ascent":8,"type":"bitmap"},{"file":"elitecreatures:font/emoji/meme_emoji/netherite.png","chars":[""],"height":9,"ascent":8,"type":"bitmap"},{"file":"elitecreatures:font/emoji/meme_emoji/meme_emoji_2.png","chars":[""],"height":9,"ascent":8,"type":"bitmap"},{"file":"elitecreatures:font/emoji/meme_emoji/meme_emoji_9.png","chars":[""],"height":9,"ascent":8,"type":"bitmap"},{"file":"elitecreatures:font/emoji/meme_emoji/iron.png","chars":[""],"height":9,"ascent":8,"type":"bitmap"},{"file":"elitecreatures:font/emoji/meme_emoji/meme_emoji_14.png","chars":[""],"height":9,"ascent":8,"type":"bitmap"},{"file":"_iainternal:hud/small_cooldown_bar/0.png","chars":[""],"height":22,"ascent":-42,"type":"bitmap"},{"file":"_iainternal:hud/small_cooldown_bar/1.png","chars":[""],"height":22,"ascent":-42,"type":"bitmap"},{"file":"_iainternal:hud/small_cooldown_bar/2.png","chars":[""],"height":22,"ascent":-42,"type":"bitmap"},{"file":"_iainternal:hud/small_cooldown_bar/3.png","chars":[""],"height":22,"ascent":-42,"type":"bitmap"},{"file":"_iainternal:hud/small_cooldown_bar/4.png","chars":[""],"height":22,"ascent":-42,"type":"bitmap"},{"file":"_iainternal:hud/small_cooldown_bar/5.png","chars":[""],"height":22,"ascent":-42,"type":"bitmap"},{"file":"_iainternal:hud/small_cooldown_bar/6.png","chars":[""],"height":22,"ascent":-42,"type":"bitmap"},{"file":"_iainternal:hud/small_cooldown_bar/7.png","chars":[""],"height":22,"ascent":-42,"type":"bitmap"},{"file":"_iainternal:hud/small_cooldown_bar/8.png","chars":[""],"height":22,"ascent":-42,"type":"bitmap"},{"file":"_iainternal:hud/small_cooldown_bar/9.png","chars":[""],"height":22,"ascent":-42,"type":"bitmap"},{"file":"_iainternal:hud/small_cooldown_bar/10.png","chars":[""],"height":22,"ascent":-42,"type":"bitmap"},{"file":"_iainternal:hud/small_cooldown_bar/11.png","chars":[""],"height":22,"ascent":-42,"type":"bitmap"},{"file":"_iainternal:hud/small_cooldown_bar/12.png","chars":[""],"height":22,"ascent":-42,"type":"bitmap"},{"file":"_iainternal:hud/small_cooldown_bar/13.png","chars":[""],"height":22,"ascent":-42,"type":"bitmap"},{"file":"_iainternal:hud/small_cooldown_bar/14.png","chars":[""],"height":22,"ascent":-42,"type":"bitmap"},{"file":"_iainternal:hud/small_cooldown_bar/15.png","chars":[""],"height":22,"ascent":-42,"type":"bitmap"},{"file":"_iainternal:hud/small_cooldown_bar/16.png","chars":[""],"height":22,"ascent":-42,"type":"bitmap"},{"file":"_iainternal:hud/small_cooldown_bar/17.png","chars":[""],"height":22,"ascent":-42,"type":"bitmap"},{"file":"_iainternal:hud/small_cooldown_bar/18.png","chars":[""],"height":22,"ascent":-42,"type":"bitmap"},{"file":"_iainternal:hud/small_cooldown_bar/19.png","chars":[""],"height":22,"ascent":-42,"type":"bitmap"},{"file":"_iainternal:hud/small_cooldown_bar/20.png","chars":[""],"height":22,"ascent":-42,"type":"bitmap"},{"file":"char/black.png","chars":[""],"height":1,"ascent":-5000,"type":"bitmap"},{"file":"char/black.png","chars":[""],"height":2,"ascent":-5000,"type":"bitmap"},{"file":"char/black.png","chars":[""],"height":3,"ascent":-5000,"type":"bitmap"},{"file":"char/black.png","chars":[""],"height":4,"ascent":-5000,"type":"bitmap"},{"file":"char/black.png","chars":[""],"height":5,"ascent":-5000,"type":"bitmap"},{"file":"char/black.png","chars":[""],"height":6,"ascent":-5000,"type":"bitmap"},{"file":"char/black.png","chars":[""],"height":7,"ascent":-5000,"type":"bitmap"},{"file":"char/black.png","chars":[""],"height":15,"ascent":-5000,"type":"bitmap"},{"file":"char/black.png","chars":[""],"height":31,"ascent":-5000,"type":"bitmap"},{"file":"char/black.png","chars":[""],"height":63,"ascent":-5000,"type":"bitmap"},{"file":"char/black.png","chars":[""],"height":127,"ascent":-5000,"type":"bitmap"},{"file":"char/black.png","chars":[""],"height":256,"ascent":-5000,"type":"bitmap"},{"file":"char/black.png","chars":[""],"height":512,"ascent":-5000,"type":"bitmap"},{"file":"char/black.png","chars":[""],"height":1024,"ascent":-5000,"type":"bitmap"},{"file":"char/black.png","chars":[""],"height":-3,"ascent":-5000,"type":"bitmap"},{"file":"char/black.png","chars":[""],"height":-4,"ascent":-5000,"type":"bitmap"},{"file":"char/black.png","chars":[""],"height":-5,"ascent":-5000,"type":"bitmap"},{"file":"char/black.png","chars":[""],"height":-6,"ascent":-5000,"type":"bitmap"},{"file":"char/black.png","chars":[""],"height":-7,"ascent":-5000,"type":"bitmap"},{"file":"char/black.png","chars":[""],"height":-8,"ascent":-5000,"type":"bitmap"},{"file":"char/black.png","chars":[""],"height":-9,"ascent":-5000,"type":"bitmap"},{"file":"char/black.png","chars":[""],"height":-10,"ascent":-5000,"type":"bitmap"},{"file":"char/black.png","chars":[""],"height":-18,"ascent":-5000,"type":"bitmap"},{"file":"char/black.png","chars":[""],"height":-34,"ascent":-5000,"type":"bitmap"},{"file":"char/black.png","chars":[""],"height":-66,"ascent":-5000,"type":"bitmap"},{"file":"char/black.png","chars":[""],"height":-130,"ascent":-5000,"type":"bitmap"},{"file":"char/black.png","chars":[""],"height":-259,"ascent":-5000,"type":"bitmap"},{"file":"char/black.png","chars":[""],"height":-515,"ascent":-5000,"type":"bitmap"},{"file":"char/black.png","chars":[""],"height":-1027,"ascent":-5000,"type":"bitmap"}],"gui_light":"front"}