{"model":{"type":"range_dispatch","property":"custom_model_data","index":0,"fallback":{"type":"minecraft:condition","on_false":{"type":"minecraft:model","model":"minecraft:item/fishing_rod"},"on_true":{"type":"minecraft:model","model":"minecraft:item/fishing_rod_cast"},"property":"minecraft:fishing_rod/cast"},"entries":[{"threshold":10000,"model":{"type":"minecraft:condition","on_false":{"type":"model","model":"deceaseset:fishing_rod"},"on_true":{"type":"model","model":"deceaseset:fishing_rod_cast"},"property":"minecraft:fishing_rod/cast"}},{"threshold":10001,"model":{"type":"minecraft:condition","on_false":{"type":"model","model":"item/fishing_rod"},"on_true":{"type":"minecraft:model","model":"minecraft:item/fishing_rod_cast"},"property":"minecraft:fishing_rod/cast"}}]},"oversized_in_gui":true}