{"model":{"type":"range_dispatch","property":"custom_model_data","index":0,"fallback":{"type":"model","cases":[{"model":{"type":"minecraft:model","model":"minecraft:item/leather_boots_quartz_trim","tints":[{"type":"minecraft:dye","default":-6265536}]},"when":"minecraft:quartz"},{"model":{"type":"minecraft:model","model":"minecraft:item/leather_boots_iron_trim","tints":[{"type":"minecraft:dye","default":-6265536}]},"when":"minecraft:iron"},{"model":{"type":"minecraft:model","model":"minecraft:item/leather_boots_netherite_trim","tints":[{"type":"minecraft:dye","default":-6265536}]},"when":"minecraft:netherite"},{"model":{"type":"minecraft:model","model":"minecraft:item/leather_boots_redstone_trim","tints":[{"type":"minecraft:dye","default":-6265536}]},"when":"minecraft:redstone"},{"model":{"type":"minecraft:model","model":"minecraft:item/leather_boots_copper_trim","tints":[{"type":"minecraft:dye","default":-6265536}]},"when":"minecraft:copper"},{"model":{"type":"minecraft:model","model":"minecraft:item/leather_boots_gold_trim","tints":[{"type":"minecraft:dye","default":-6265536}]},"when":"minecraft:gold"},{"model":{"type":"minecraft:model","model":"minecraft:item/leather_boots_emerald_trim","tints":[{"type":"minecraft:dye","default":-6265536}]},"when":"minecraft:emerald"},{"model":{"type":"minecraft:model","model":"minecraft:item/leather_boots_diamond_trim","tints":[{"type":"minecraft:dye","default":-6265536}]},"when":"minecraft:diamond"},{"model":{"type":"minecraft:model","model":"minecraft:item/leather_boots_lapis_trim","tints":[{"type":"minecraft:dye","default":-6265536}]},"when":"minecraft:lapis"},{"model":{"type":"minecraft:model","model":"minecraft:item/leather_boots_amethyst_trim","tints":[{"type":"minecraft:dye","default":-6265536}]},"when":"minecraft:amethyst"},{"model":{"type":"minecraft:model","model":"minecraft:item/leather_boots_resin_trim","tints":[{"type":"minecraft:dye","default":-6265536}]},"when":"minecraft:resin"}],"fallback":{"type":"minecraft:model","model":"minecraft:item/leather_boots","tints":[{"type":"minecraft:dye","default":-6265536}]},"property":"minecraft:trim_material","model":"item/leather_boots","tints":[{"type":"dye","default":-6265536}]},"entries":[{"threshold":10000,"model":{"type":"model","cases":[{"model":{"type":"minecraft:model","model":"minecraft:item/leather_boots_quartz_trim","tints":[{"type":"minecraft:dye","default":-6265536}]},"when":"minecraft:quartz"},{"model":{"type":"minecraft:model","model":"minecraft:item/leather_boots_iron_trim","tints":[{"type":"minecraft:dye","default":-6265536}]},"when":"minecraft:iron"},{"model":{"type":"minecraft:model","model":"minecraft:item/leather_boots_netherite_trim","tints":[{"type":"minecraft:dye","default":-6265536}]},"when":"minecraft:netherite"},{"model":{"type":"minecraft:model","model":"minecraft:item/leather_boots_redstone_trim","tints":[{"type":"minecraft:dye","default":-6265536}]},"when":"minecraft:redstone"},{"model":{"type":"minecraft:model","model":"minecraft:item/leather_boots_copper_trim","tints":[{"type":"minecraft:dye","default":-6265536}]},"when":"minecraft:copper"},{"model":{"type":"minecraft:model","model":"minecraft:item/leather_boots_gold_trim","tints":[{"type":"minecraft:dye","default":-6265536}]},"when":"minecraft:gold"},{"model":{"type":"minecraft:model","model":"minecraft:item/leather_boots_emerald_trim","tints":[{"type":"minecraft:dye","default":-6265536}]},"when":"minecraft:emerald"},{"model":{"type":"minecraft:model","model":"minecraft:item/leather_boots_diamond_trim","tints":[{"type":"minecraft:dye","default":-6265536}]},"when":"minecraft:diamond"},{"model":{"type":"minecraft:model","model":"minecraft:item/leather_boots_lapis_trim","tints":[{"type":"minecraft:dye","default":-6265536}]},"when":"minecraft:lapis"},{"model":{"type":"minecraft:model","model":"minecraft:item/leather_boots_amethyst_trim","tints":[{"type":"minecraft:dye","default":-6265536}]},"when":"minecraft:amethyst"},{"model":{"type":"minecraft:model","model":"minecraft:item/leather_boots_resin_trim","tints":[{"type":"minecraft:dye","default":-6265536}]},"when":"minecraft:resin"}],"fallback":{"type":"minecraft:model","model":"minecraft:item/leather_boots","tints":[{"type":"minecraft:dye","default":-6265536}]},"property":"minecraft:trim_material","model":"deceaseset:item/ia_auto/deceaseboots","tints":[{"type":"dye","default":-6265536}]}},{"threshold":10001,"model":{"type":"model","cases":[{"model":{"type":"minecraft:model","model":"minecraft:item/leather_boots_quartz_trim","tints":[{"type":"minecraft:dye","default":-6265536}]},"when":"minecraft:quartz"},{"model":{"type":"minecraft:model","model":"minecraft:item/leather_boots_iron_trim","tints":[{"type":"minecraft:dye","default":-6265536}]},"when":"minecraft:iron"},{"model":{"type":"minecraft:model","model":"minecraft:item/leather_boots_netherite_trim","tints":[{"type":"minecraft:dye","default":-6265536}]},"when":"minecraft:netherite"},{"model":{"type":"minecraft:model","model":"minecraft:item/leather_boots_redstone_trim","tints":[{"type":"minecraft:dye","default":-6265536}]},"when":"minecraft:redstone"},{"model":{"type":"minecraft:model","model":"minecraft:item/leather_boots_copper_trim","tints":[{"type":"minecraft:dye","default":-6265536}]},"when":"minecraft:copper"},{"model":{"type":"minecraft:model","model":"minecraft:item/leather_boots_gold_trim","tints":[{"type":"minecraft:dye","default":-6265536}]},"when":"minecraft:gold"},{"model":{"type":"minecraft:model","model":"minecraft:item/leather_boots_emerald_trim","tints":[{"type":"minecraft:dye","default":-6265536}]},"when":"minecraft:emerald"},{"model":{"type":"minecraft:model","model":"minecraft:item/leather_boots_diamond_trim","tints":[{"type":"minecraft:dye","default":-6265536}]},"when":"minecraft:diamond"},{"model":{"type":"minecraft:model","model":"minecraft:item/leather_boots_lapis_trim","tints":[{"type":"minecraft:dye","default":-6265536}]},"when":"minecraft:lapis"},{"model":{"type":"minecraft:model","model":"minecraft:item/leather_boots_amethyst_trim","tints":[{"type":"minecraft:dye","default":-6265536}]},"when":"minecraft:amethyst"},{"model":{"type":"minecraft:model","model":"minecraft:item/leather_boots_resin_trim","tints":[{"type":"minecraft:dye","default":-6265536}]},"when":"minecraft:resin"}],"fallback":{"type":"minecraft:model","model":"minecraft:item/leather_boots","tints":[{"type":"minecraft:dye","default":-6265536}]},"property":"minecraft:trim_material","model":"item/leather_boots","tints":[{"type":"dye","default":-6265536}]}}]},"oversized_in_gui":true}