{"credit":"MadebyPolygonMC","texture_size":[20,20],"textures":{"0":"deceaseset:animation_1","1":"deceaseset:hoe","particle":"deceaseset:animation_1"},"elements":[{"from":[7.44,-0.06,7.44],"to":[8.56,1.06,8.56],"rotation":{"angle":-45,"axis":"x","origin":[8,0.5,8]},"faces":{"north":{"uv":[8.8,2.4,9.6,3.2],"texture":"#1"},"east":{"uv":[11.2,7.2,12,8],"texture":"#1"},"south":{"uv":[8,11.2,8.8,12],"texture":"#1"},"west":{"uv":[11.2,8,12,8.8],"texture":"#1"},"up":{"uv":[9.6,12,8.8,11.2],"texture":"#1"},"down":{"uv":[12,8.8,11.2,9.6],"texture":"#1"}}},{"from":[7.5,0.7,7.5],"to":[8.5,1.7,8.5],"rotation":{"angle":0,"axis":"x","origin":[8,1.2,8]},"faces":{"north":{"uv":[9.6,11.2,10.4,12],"texture":"#1"},"east":{"uv":[11.2,9.6,12,10.4],"texture":"#1"},"south":{"uv":[10.4,11.2,11.2,12],"texture":"#1"},"west":{"uv":[11.2,10.4,12,11.2],"texture":"#1"},"up":{"uv":[12,12,11.2,11.2],"texture":"#1"},"down":{"uv":[12.8,0,12,0.8],"texture":"#1"}}},{"from":[7.5,4.7,7.5],"to":[8.5,5.7,8.5],"rotation":{"angle":0,"axis":"x","origin":[8,1.2,8]},"faces":{"north":{"uv":[12,8.8,12.8,9.6],"texture":"#1"},"east":{"uv":[9.6,12,10.4,12.8],"texture":"#1"},"south":{"uv":[12,9.6,12.8,10.4],"texture":"#1"},"west":{"uv":[10.4,12,11.2,12.8],"texture":"#1"},"up":{"uv":[12.8,11.2,12,10.4],"texture":"#1"},"down":{"uv":[12,12,11.2,12.8],"texture":"#1"}}},{"from":[7.5,10.7,7.5],"to":[8.5,11.7,8.5],"rotation":{"angle":0,"axis":"x","origin":[8,1.2,8]},"faces":{"north":{"uv":[2.4,12.8,3.2,13.6],"texture":"#1"},"east":{"uv":[12.8,2.4,13.6,3.2],"texture":"#1"},"south":{"uv":[3.2,12.8,4,13.6],"texture":"#1"},"west":{"uv":[12.8,3.2,13.6,4],"texture":"#1"},"up":{"uv":[4.8,13.6,4,12.8],"texture":"#1"},"down":{"uv":[13.6,4,12.8,4.8],"texture":"#1"}}},{"from":[7.5,2.7,7.5],"to":[8.5,3.7,8.5],"rotation":{"angle":0,"axis":"x","origin":[8,3.2,8]},"faces":{"north":{"uv":[12,0.8,12.8,1.6],"texture":"#1"},"east":{"uv":[4,12,4.8,12.8],"texture":"#1"},"south":{"uv":[4.8,12,5.6,12.8],"texture":"#1"},"west":{"uv":[12,5.6,12.8,6.4],"texture":"#1"},"up":{"uv":[7.2,12.8,6.4,12],"texture":"#1"},"down":{"uv":[12.8,6.4,12,7.2],"texture":"#1"}}},{"from":[7.4,11.58341,10.34531],"to":[8.6,13.58341,12.34531],"rotation":{"angle":-45,"axis":"x","origin":[8,9.23809,8]},"faces":{"north":{"uv":[8,3.2,9,4.8],"texture":"#1"},"east":{"uv":[7.2,0,8.8,1.6],"texture":"#1"},"south":{"uv":[8,4.8,9,6.4],"texture":"#1"},"west":{"uv":[7.2,1.6,8.8,3.2],"texture":"#1"},"up":{"uv":[9,8,8,6.4],"texture":"#1"},"down":{"uv":[9,8,8,9.6],"texture":"#1"}}},{"from":[7.2,13.21908,7.24999],"to":[8.8,14.71908,8.74999],"rotation":{"angle":45,"axis":"x","origin":[8,13.96908,7.99999]},"faces":{"north":{"uv":[10.8,6.4,9.6,7.6],"rotation":180,"texture":"#1"},"east":{"uv":[9.6,0,10.8,1.2],"rotation":270,"texture":"#1"},"south":{"uv":[10.8,6,9.6,4.8],"texture":"#1"},"west":{"uv":[9.6,3.2,10.8,4.4],"rotation":90,"texture":"#1"},"up":{"uv":[6.4,8.8,7.6,10],"rotation":180,"texture":"#1"},"down":{"uv":[9.6,1.6,10.8,2.8],"texture":"#1"}}},{"from":[7.6,1.7,7.6],"to":[8.4,4.7,8.4],"rotation":{"angle":0,"axis":"x","origin":[8,2.2,8]},"faces":{"north":{"uv":[5.6,3.2,6.2,5.6],"texture":"#1"},"east":{"uv":[8.8,0,9.4,2.4],"texture":"#1"},"south":{"uv":[4.8,8.8,5.4,11.2],"texture":"#1"},"west":{"uv":[5.6,8.8,6.2,11.2],"texture":"#1"},"up":{"uv":[7,13.4,6.4,12.8],"texture":"#1"},"down":{"uv":[13.4,6.4,12.8,7],"texture":"#1"}}},{"from":[8,-1.1,6],"to":[8,0.9,10],"rotation":{"angle":0,"axis":"y","origin":[8,-0.5,6]},"faces":{"north":{"uv":[0,0,0,1.6],"texture":"#1"},"east":{"uv":[0,5.6,3.2,7.2],"texture":"#1"},"south":{"uv":[0,0,0,1.6],"texture":"#1"},"west":{"uv":[3.2,5.6,6.4,7.2],"texture":"#1"},"up":{"uv":[0,3.2,0,0],"texture":"#1"},"down":{"uv":[0,0,0,3.2],"texture":"#1"}}},{"from":[7.41,12.11534,4.32327],"to":[8.59,13.29534,6.09327],"rotation":{"angle":22.5,"axis":"x","origin":[8,9.23809,8]},"faces":{"north":{"uv":[0.8,11.2,1.8,12.2],"texture":"#1"},"east":{"uv":[8,9.6,9.4,10.6],"texture":"#1"},"south":{"uv":[11.2,1.6,12.2,2.6],"texture":"#1"},"west":{"uv":[9.6,8,11,9],"texture":"#1"},"up":{"uv":[10.6,11,9.6,9.6],"texture":"#1"},"down":{"uv":[7.4,10.4,6.4,11.8],"texture":"#1"}}},{"from":[7.4985,13.35081,4.7552],"to":[8.5015,14.35381,6.1712],"rotation":{"angle":0,"axis":"x","origin":[8,9.23809,8]},"faces":{"north":{"uv":[12,11.2,12.8,12],"texture":"#1"},"east":{"uv":[4,11.2,5.2,12],"texture":"#1"},"west":{"uv":[11.2,4.8,12.4,5.6],"texture":"#1"},"up":{"uv":[6.4,12.4,5.6,11.2],"texture":"#1"},"down":{"uv":[12,5.6,11.2,6.8],"texture":"#1"}}},{"from":[7.587,14.34227,5.88417],"to":[8.413,15.16827,6.94617],"rotation":{"angle":-22.5,"axis":"x","origin":[8,9.23809,8]},"faces":{"north":{"uv":[10.4,12.8,11,13.4],"texture":"#1"},"east":{"uv":[4.8,12.8,5.6,13.4],"texture":"#1"},"west":{"uv":[12.8,4.8,13.6,5.4],"texture":"#1"},"up":{"uv":[6.2,13.6,5.6,12.8],"texture":"#1"},"down":{"uv":[13.4,5.6,12.8,6.4],"texture":"#1"}}},{"from":[7.646,13.16617,3.27979],"to":[8.354,13.87417,4.10579],"rotation":{"angle":0,"axis":"x","origin":[8,9.23809,8]},"faces":{"north":{"uv":[12.8,7.2,13.4,7.8],"texture":"#1"},"east":{"uv":[12.8,8,13.4,8.6],"texture":"#1"},"west":{"uv":[12.8,8.8,13.4,9.4],"texture":"#1"},"up":{"uv":[10.2,13.4,9.6,12.8],"texture":"#1"},"down":{"uv":[13.4,9.6,12.8,10.2],"texture":"#1"}}},{"from":[7.705,11.09032,1.30989],"to":[8.295,11.68032,2.13589],"rotation":{"angle":22.5,"axis":"x","origin":[8,9.23809,8]},"faces":{"north":{"uv":[13.6,3.2,14,3.6],"texture":"#1"},"east":{"uv":[13.6,1.6,14.2,2],"texture":"#1"},"west":{"uv":[2.4,13.6,3,14],"texture":"#1"},"up":{"uv":[14,3,13.6,2.4],"texture":"#1"},"down":{"uv":[3.6,13.6,3.2,14.2],"texture":"#1"}}},{"from":[7.75,10.52777,9.28968],"to":[8.25,12.52777,11.28968],"rotation":{"angle":-45,"axis":"x","origin":[8,9.23809,8]},"faces":{"north":{"uv":[7.2,12,7.6,13.6],"texture":"#1"},"east":{"uv":[4.8,7.2,6.4,8.8],"texture":"#1"},"south":{"uv":[12,7.2,12.4,8.8],"texture":"#1"},"west":{"uv":[6.4,7.2,8,8.8],"texture":"#1"},"up":{"uv":[8.4,13.6,8,12],"texture":"#1"},"down":{"uv":[9.2,12,8.8,13.6],"texture":"#1"}}},{"from":[7.75,11.52777,8.28968],"to":[8.25,12.52777,9.28968],"rotation":{"angle":-45,"axis":"x","origin":[8,9.23809,8]},"faces":{"north":{"uv":[0,13.6,0.4,14.4],"texture":"#1"},"east":{"uv":[1.6,12.8,2.4,13.6],"texture":"#1"},"south":{"uv":[13.6,0,14,0.8],"texture":"#1"},"west":{"uv":[12.8,1.6,13.6,2.4],"texture":"#1"},"up":{"uv":[14,1.6,13.6,0.8],"texture":"#1"},"down":{"uv":[2,13.6,1.6,14.4],"texture":"#1"}}},{"from":[7.75,10.52777,7.28968],"to":[8.25,12.52777,8.28968],"rotation":{"angle":-45,"axis":"x","origin":[8,9.23809,8]},"faces":{"north":{"uv":[12.8,0,13.2,1.6],"texture":"#1"},"east":{"uv":[0,11.2,0.8,12.8],"texture":"#1"},"south":{"uv":[0.8,12.8,1.2,14.4],"texture":"#1"},"west":{"uv":[11.2,0,12,1.6],"texture":"#1"},"up":{"uv":[13.2,12.8,12.8,12],"texture":"#1"},"down":{"uv":[13.2,12.8,12.8,13.6],"texture":"#1"}}},{"from":[7.755,9.54045,6.77409],"to":[8.245,10.54045,7.77409],"rotation":{"angle":-22.5,"axis":"x","origin":[8,9.23809,8]},"faces":{"north":{"uv":[12.8,10.4,13.2,11.2],"texture":"#1"},"east":{"uv":[12,12,12.8,12.8],"texture":"#1"},"south":{"uv":[11.2,12.8,11.6,13.6],"texture":"#1"},"west":{"uv":[0,12.8,0.8,13.6],"texture":"#1"},"up":{"uv":[13.2,12,12.8,11.2],"texture":"#1"},"down":{"uv":[12.4,12.8,12,13.6],"texture":"#1"}}},{"from":[7.75,11.52777,6.71032],"to":[8.25,12.52777,7.71032],"rotation":{"angle":45,"axis":"x","origin":[8,9.23809,8]},"faces":{"north":{"uv":[14,0,13.6,0.8],"texture":"#1"},"east":{"uv":[2.4,12.8,1.6,13.6],"texture":"#1"},"south":{"uv":[0.4,13.6,0,14.4],"texture":"#1"},"west":{"uv":[13.6,1.6,12.8,2.4],"texture":"#1"},"up":{"uv":[14,0.8,13.6,1.6],"texture":"#1"},"down":{"uv":[2,14.4,1.6,13.6],"texture":"#1"}}},{"from":[7.75,10.52777,7.71032],"to":[8.25,12.52777,8.71032],"rotation":{"angle":45,"axis":"x","origin":[8,9.23809,8]},"faces":{"north":{"uv":[1.2,12.8,0.8,14.4],"texture":"#1"},"east":{"uv":[0.8,11.2,0,12.8],"texture":"#1"},"south":{"uv":[13.2,0,12.8,1.6],"texture":"#1"},"west":{"uv":[12,0,11.2,1.6],"texture":"#1"},"up":{"uv":[13.2,12,12.8,12.8],"texture":"#1"},"down":{"uv":[13.2,13.6,12.8,12.8],"texture":"#1"}}},{"from":[7.755,9.54045,8.22591],"to":[8.245,10.54045,9.22591],"rotation":{"angle":22.5,"axis":"x","origin":[8,9.23809,8]},"faces":{"north":{"uv":[11.6,12.8,11.2,13.6],"texture":"#1"},"east":{"uv":[12.8,12,12,12.8],"texture":"#1"},"south":{"uv":[13.2,10.4,12.8,11.2],"texture":"#1"},"west":{"uv":[0.8,12.8,0,13.6],"texture":"#1"},"up":{"uv":[13.2,11.2,12.8,12],"texture":"#1"},"down":{"uv":[12.4,13.6,12,12.8],"texture":"#1"}}},{"from":[7.41,12.11534,9.90673],"to":[8.59,13.29534,11.67673],"rotation":{"angle":-22.5,"axis":"x","origin":[8,9.23809,8]},"faces":{"north":{"uv":[12.2,1.6,11.2,2.6],"texture":"#1"},"east":{"uv":[9.4,9.6,8,10.6],"texture":"#1"},"south":{"uv":[1.8,11.2,0.8,12.2],"texture":"#1"},"west":{"uv":[11,8,9.6,9],"texture":"#1"},"up":{"uv":[10.6,9.6,9.6,11],"texture":"#1"},"down":{"uv":[7.4,11.8,6.4,10.4],"texture":"#1"}}},{"from":[7.4985,13.35081,9.8288],"to":[8.5015,14.35381,11.2448],"rotation":{"angle":0,"axis":"x","origin":[8,9.23809,8]},"faces":{"east":{"uv":[5.2,11.2,4,12],"texture":"#1"},"south":{"uv":[12.8,11.2,12,12],"texture":"#1"},"west":{"uv":[12.4,4.8,11.2,5.6],"texture":"#1"},"up":{"uv":[6.4,11.2,5.6,12.4],"texture":"#1"},"down":{"uv":[12,6.8,11.2,5.6],"texture":"#1"}}},{"from":[7.587,14.34227,9.05383],"to":[8.413,15.16827,10.11583],"rotation":{"angle":22.5,"axis":"x","origin":[8,9.23809,8]},"faces":{"east":{"uv":[5.6,12.8,4.8,13.4],"texture":"#1"},"south":{"uv":[11,12.8,10.4,13.4],"texture":"#1"},"west":{"uv":[13.6,4.8,12.8,5.4],"texture":"#1"},"up":{"uv":[6.2,12.8,5.6,13.6],"texture":"#1"},"down":{"uv":[13.4,6.4,12.8,5.6],"texture":"#1"}}},{"from":[7.646,13.16617,11.89421],"to":[8.354,13.87417,12.72021],"rotation":{"angle":0,"axis":"x","origin":[8,9.23809,8]},"faces":{"east":{"uv":[13.4,8,12.8,8.6],"texture":"#1"},"south":{"uv":[13.4,7.2,12.8,7.8],"texture":"#1"},"west":{"uv":[13.4,8.8,12.8,9.4],"texture":"#1"},"up":{"uv":[10.2,12.8,9.6,13.4],"texture":"#1"},"down":{"uv":[13.4,10.2,12.8,9.6],"texture":"#1"}}},{"from":[7.705,11.09032,13.86411],"to":[8.295,11.68032,14.69011],"rotation":{"angle":-22.5,"axis":"x","origin":[8,9.23809,8]},"faces":{"east":{"uv":[14.2,1.6,13.6,2],"texture":"#1"},"south":{"uv":[14,3.2,13.6,3.6],"texture":"#1"},"west":{"uv":[3,13.6,2.4,14],"texture":"#1"},"up":{"uv":[14,2.4,13.6,3],"texture":"#1"},"down":{"uv":[3.6,14.2,3.2,13.6],"texture":"#1"}}},{"from":[7.4,5.7,7.4],"to":[8.6,10.7,8.6],"rotation":{"angle":0,"axis":"y","origin":[7,3.4,7]},"faces":{"north":{"uv":[6.4,3.2,7.4,7.2],"texture":"#1"},"east":{"uv":[0,7.2,1,11.2],"texture":"#1"},"south":{"uv":[1.6,7.2,2.6,11.2],"texture":"#1"},"west":{"uv":[3.2,7.2,4.2,11.2],"texture":"#1"},"up":{"uv":[3.4,12.2,2.4,11.2],"texture":"#1"},"down":{"uv":[12.2,3.2,11.2,4.2],"texture":"#1"}}},{"from":[8,9.5,-2],"to":[8,13.5,7],"rotation":{"angle":-22.5,"axis":"x","origin":[8,12,3]},"faces":{"north":{"uv":[0,0,0,3.2],"texture":"#1"},"east":{"uv":[7.2,0,0,3.2],"texture":"#1"},"south":{"uv":[0,0,0,3.2],"texture":"#1"},"west":{"uv":[0,0,7.2,3.2],"texture":"#1"},"up":{"uv":[0,7.2,0,0],"texture":"#1"},"down":{"uv":[0,0,0,7.2],"texture":"#1"}}},{"from":[8,7.5,8.8],"to":[8,10.5,15.8],"rotation":{"angle":-22.5,"axis":"x","origin":[8,12,3]},"faces":{"north":{"uv":[0,0,0,2.4],"texture":"#1"},"east":{"uv":[5.6,3.2,0,5.6],"texture":"#1"},"south":{"uv":[0,0,0,2.4],"texture":"#1"},"west":{"uv":[0,3.2,5.6,5.6],"texture":"#1"},"up":{"uv":[0,5.6,0,0],"texture":"#1"},"down":{"uv":[0,0,0,5.6],"texture":"#1"}}},{"from":[7.1,10.4,4.5],"to":[7.1,17.4,11.5],"rotation":{"angle":0,"axis":"y","origin":[8,0,4.5]},"faces":{"north":{"uv":[0,0,0,14],"texture":"#0"},"south":{"uv":[0,0,0,14],"texture":"#0"},"west":{"uv":[0,0,14,14],"texture":"#0"},"up":{"uv":[0,14,0,0],"texture":"#0"},"down":{"uv":[0,0,0,14],"texture":"#0"}}},{"from":[8.9,10.4,4.5],"to":[8.9,17.4,11.5],"rotation":{"angle":0,"axis":"y","origin":[8,0,4.5]},"faces":{"north":{"uv":[0,0,0,14],"texture":"#0"},"east":{"uv":[14,0,0,14],"texture":"#0"},"south":{"uv":[0,0,0,14],"texture":"#0"},"up":{"uv":[0,14,0,0],"texture":"#0"},"down":{"uv":[0,0,0,14],"texture":"#0"}}}],"gui_light":"front","display":{"thirdperson_righthand":{"translation":[0,2.75,1.5]},"thirdperson_lefthand":{"translation":[0,2.75,1.5]},"firstperson_righthand":{"rotation":[-10,0,0],"translation":[-1,5.25,0.75]},"firstperson_lefthand":{"rotation":[-10,0,0],"translation":[-1,5.25,0.75]},"ground":{"translation":[0,9.5,0]},"gui":{"rotation":[90,-135,90],"translation":[-0.75,-1.25,0],"scale":[0.92773,0.92773,0.92773]},"head":{"scale":[0,0,0]},"fixed":{"rotation":[0,-90,0],"translation":[0,1.25,-1.5],"scale":[1.73633,1.73633,1.73633]}}}