{"credit":"MadebyPolygonMC","texture_size":[12,12],"textures":{"0":"deceaseset:key","particle":"deceaseset:key"},"elements":[{"from":[7.5,7.5,6],"to":[8.5,8.5,10],"rotation":{"angle":0,"axis":"y","origin":[7.5,7.5,4]},"faces":{"east":{"uv":[0,5.33333,5.33333,6.66667],"texture":"#0"},"west":{"uv":[5.33333,0,10.66667,1.33333],"texture":"#0"},"up":{"uv":[6.66667,6.66667,5.33333,1.33333],"texture":"#0"},"down":{"uv":[6.66667,1.33333,5.33333,6.66667],"texture":"#0"}}},{"from":[7.25,7.25,4],"to":[8.75,8.75,6],"rotation":{"angle":0,"axis":"y","origin":[7.5,7.5,0]},"faces":{"north":{"uv":[5.33333,12,7.33333,14],"texture":"#0"},"east":{"uv":[4,6.66667,6.66667,8.66667],"texture":"#0"},"south":{"uv":[12,5.33333,14,7.33333],"texture":"#0"},"west":{"uv":[6.66667,4,9.33333,6],"texture":"#0"},"up":{"uv":[8.66667,9.33333,6.66667,6.66667],"texture":"#0"},"down":{"uv":[3.33333,9.33333,1.33333,12],"texture":"#0"}}},{"from":[7.4,7.20711,9.3],"to":[8.6,9.20711,11.3],"rotation":{"angle":-45,"axis":"x","origin":[8,8.70711,10.8]},"faces":{"north":{"uv":[9.33333,6.66667,11,9.33333],"texture":"#0"},"east":{"uv":[1.33333,6.66667,4,9.33333],"texture":"#0"},"south":{"uv":[9.33333,9.33333,11,12],"texture":"#0"},"west":{"uv":[6.66667,1.33333,9.33333,4],"texture":"#0"},"up":{"uv":[1.66667,14.66667,0,12],"texture":"#0"},"down":{"uv":[13.66667,0,12,2.66667],"texture":"#0"}}},{"from":[7.15,7.45711,9.55],"to":[8.85,8.95711,11.05],"rotation":{"angle":-45,"axis":"x","origin":[8,8.70711,10.8]},"faces":{"north":{"uv":[9.33333,1.33333,11.66667,3.33333],"texture":"#0"},"east":{"uv":[2.66667,12,4.66667,14],"texture":"#0"},"south":{"uv":[4,9.33333,6.33333,11.33333],"texture":"#0"},"west":{"uv":[12,2.66667,14,4.66667],"texture":"#0"},"up":{"uv":[11.66667,6,9.33333,4],"texture":"#0"},"down":{"uv":[9,9.33333,6.66667,11.33333],"texture":"#0"}}},{"from":[8,8.5,9],"to":[8,10.5,13],"rotation":{"angle":0,"axis":"y","origin":[8,8.5,9]},"faces":{"north":{"uv":[0,0,0,2.66667],"texture":"#0"},"east":{"uv":[5.33333,0,0,2.66667],"texture":"#0"},"south":{"uv":[0,0,0,2.66667],"texture":"#0"},"west":{"uv":[0,0,5.33333,2.66667],"texture":"#0"},"up":{"uv":[0,5.33333,0,0],"texture":"#0"},"down":{"uv":[0,0,0,5.33333],"texture":"#0"}}},{"from":[8,5.5,9],"to":[8,7.5,13],"rotation":{"angle":0,"axis":"y","origin":[8,7.5,9]},"faces":{"north":{"uv":[0,2.66667,0,0],"texture":"#0"},"east":{"uv":[5.33333,2.66667,0,0],"texture":"#0"},"south":{"uv":[0,2.66667,0,0],"texture":"#0"},"west":{"uv":[0,2.66667,5.33333,0],"texture":"#0"},"up":{"uv":[0,5.33333,0,0],"texture":"#0"},"down":{"uv":[0,0,0,5.33333],"texture":"#0"}}},{"from":[8,8.725,2.5],"to":[8,10.725,6.5],"rotation":{"angle":0,"axis":"y","origin":[8,8.725,2.5]},"faces":{"north":{"uv":[0,0,0,2.66667],"texture":"#0"},"east":{"uv":[5.33333,2.66667,0,5.33333],"texture":"#0"},"south":{"uv":[0,0,0,2.66667],"texture":"#0"},"west":{"uv":[0,2.66667,5.33333,5.33333],"texture":"#0"},"up":{"uv":[0,5.33333,0,0],"texture":"#0"},"down":{"uv":[0,0,0,5.33333],"texture":"#0"}}},{"from":[8,5.275,2.5],"to":[8,7.275,6.5],"rotation":{"angle":0,"axis":"y","origin":[8,7.275,2.5]},"faces":{"north":{"uv":[0,2.66667,0,0],"texture":"#0"},"east":{"uv":[5.33333,5.33333,0,2.66667],"texture":"#0"},"south":{"uv":[0,2.66667,0,0],"texture":"#0"},"west":{"uv":[0,5.33333,5.33333,2.66667],"texture":"#0"},"up":{"uv":[0,5.33333,0,0],"texture":"#0"},"down":{"uv":[0,0,0,5.33333],"texture":"#0"}}}],"gui_light":"front","display":{"thirdperson_righthand":{"rotation":[66,0,0],"translation":[0,2.5,-1.5]},"thirdperson_lefthand":{"rotation":[66,0,0],"translation":[0,2.5,-1.5]},"firstperson_righthand":{"rotation":[49,0,-31],"translation":[-2.5,5.5,2.75]},"firstperson_lefthand":{"rotation":[49,0,-31],"translation":[-2.5,5.5,2.75]},"ground":{"rotation":[45,0,0],"translation":[0,5.25,0],"scale":[1.30078,1.30078,1.30078]},"gui":{"rotation":[90,-45,90],"translation":[-0.5,-0.5,0],"scale":[1.78516,1.78516,1.78516]},"head":{"scale":[0,0,0]},"fixed":{"rotation":[-90,135,90],"translation":[0.5,-0.5,-1.25],"scale":[2.06445,2.06445,2.06445]}}}