{"parent":"minecraft:item/generated","textures":{"layer0":"minecraft:item/paper"},"overrides":[{"predicate":{"custom_model_data":10000},"model":"_iainternal:item/ia_auto/icon_left_blue"},{"predicate":{"custom_model_data":10001},"model":"_iainternal:item/ia_auto/icon_right_blue"},{"predicate":{"custom_model_data":10002},"model":"_iainternal:item/ia_auto/icon_search"},{"predicate":{"custom_model_data":10003},"model":"_iainternal:item/ia_auto/icon_cancel"},{"predicate":{"custom_model_data":10004},"model":"_iainternal:item/ia_auto/icon_arrow_chest"},{"predicate":{"custom_model_data":10005},"model":"_iainternal:item/ia_auto/icon_back_orange"},{"predicate":{"custom_model_data":10006},"model":"_iainternal:item/ia_auto/icon_next_orange"},{"predicate":{"custom_model_data":10007},"model":"halloween_pack_fur:items/cauldron"},{"predicate":{"custom_model_data":10008},"model":"halloween_pack_fur:items/toile_1"},{"predicate":{"custom_model_data":10009},"model":"halloween_pack_fur:items/toile_2"},{"predicate":{"custom_model_data":10010},"model":"halloween_pack_fur:items/tombe_1"},{"predicate":{"custom_model_data":10011},"model":"halloween_pack_fur:items/tombe_2"},{"predicate":{"custom_model_data":10012},"model":"halloween_pack_fur:items/wood_cross"},{"predicate":{"custom_model_data":10013},"model":"halloween_pack_fur:items/coffin_open"},{"predicate":{"custom_model_data":10014},"model":"halloween_pack_fur:items/coffin_close"},{"predicate":{"custom_model_data":10015},"model":"halloween_pack_fur:items/pumpkin_hat"},{"predicate":{"custom_model_data":10016},"model":"halloween_pack_fur:items/pumpkin"},{"predicate":{"custom_model_data":10017},"model":"deceaseset:chest_opening"},{"predicate":{"custom_model_data":10018},"model":"deceaseset:crown"},{"predicate":{"custom_model_data":10019},"model":"deceaseset:key"},{"predicate":{"custom_model_data":10020},"model":"deceaseset:wings"},{"predicate":{"custom_model_data":10021},"model":"item/paper"}]}