{"sources":[{"type":"single","resource":"halloween_pack_fur:items/cauldron"},{"type":"single","resource":"deceaseset:sword"},{"type":"single","resource":"halloween_pack_fur:items/toile_2"},{"type":"single","resource":"halloween_pack_fur:items/pumpkin"},{"type":"single","resource":"_iainternal:icons/icon_left_blue"},{"type":"single","resource":"_iainternal:icons/icon_cancel"},{"type":"single","resource":"deceaseset:hoe"},{"type":"single","resource":"_iainternal:icons/icon_back_orange"},{"type":"single","resource":"_iainternal:icons/icon_arrow_chest"},{"type":"single","resource":"halloween_pack_fur:items/wood_cross"},{"type":"single","resource":"deceaseset:armor/decease_leggings_icon"},{"type":"single","resource":"deceaseset:spear"},{"type":"single","resource":"deceaseset:fishing_rod"},{"type":"single","resource":"deceaseset:shovel"},{"type":"single","resource":"deceaseset:animation_1"},{"type":"single","resource":"deceaseset:wings"},{"type":"single","resource":"_iainternal:icons/icon_search"},{"type":"single","resource":"_iainternal:icons/icon_next_orange"},{"type":"single","resource":"halloween_pack_fur:items/skeleton"},{"type":"single","resource":"_iainternal:icons/icon_right_blue"},{"type":"single","resource":"deceaseset:axe"},{"type":"single","resource":"deceaseset:bow"},{"type":"single","resource":"deceaseset:crossbow_1"},{"type":"single","resource":"deceaseset:crossbow_2"},{"type":"single","resource":"deceaseset:hammer"},{"type":"single","resource":"halloween_pack_fur:items/pumpkin_hat"},{"type":"single","resource":"deceaseset:armor/decease_chestplate_icon"},{"type":"single","resource":"deceaseset:bow_2"},{"type":"single","resource":"deceaseset:fishing_rod_cast"},{"type":"single","resource":"deceaseset:bow_1"},{"type":"single","resource":"deceaseset:chest"},{"type":"single","resource":"halloween_pack_fur:items/tombe_2"},{"type":"single","resource":"halloween_pack_fur:items/tombe_1"},{"type":"single","resource":"deceaseset:shield"},{"type":"single","resource":"halloween_pack_fur:items/cerceuil"},{"type":"single","resource":"halloween_pack_fur:items/toile_1"},{"type":"single","resource":"deceaseset:armor/decease_boots_icon"},{"type":"single","resource":"deceaseset:key"},{"type":"single","resource":"deceaseset:pickaxe"},{"type":"single","resource":"deceaseset:crossbow"},{"type":"single","resource":"deceaseset:crown"}]}